freq,asset,n,skew,kurt,jb,p_value,reject_5pct
d,stock,6760,-0.34946336010282714,14.090249891155807,34780.80310706051,0.0,True
d,gbond,6759,-0.015424531607536627,6.269601994646031,3010.9229624771283,0.0,True
d,cbond,6760,-2.258660129060858,39.27792500966582,376445.81713218696,0.0,True
d,resec,6760,-0.48164121083002664,25.920645073337152,148236.62721449963,0.0,True
d,commo,6760,-0.5354696884425647,8.334173732457788,8337.423623556624,0.0,True
d,usdfx,6760,0.06341426261152354,6.362280620289428,3188.752965168192,0.0,True
w,stock,1352,-0.8656868376448629,10.04611268657686,2965.6885454756443,0.0,True
w,gbond,1352,0.0011935729773615445,5.154693373851134,261.53928683648695,1.6123727992933908e-57,True
w,cbond,1352,-2.7690126030946325,32.846511153114136,51910.26258411762,0.0,True
w,resec,1352,-0.6331817280336449,15.130289784802045,8379.44850885897,0.0,True
w,commo,1352,-0.7355398991253489,7.036750915768453,1039.88143338787,1.558173532335297e-226,True
w,usdfx,1352,0.40361352507101245,5.862808366430526,498.397181940723,5.948768158802968e-109,True
