asset,T,p,lm,p_value,reject
stock,6480,4,1441.9382520679694,5.566799336731e-311,True
cbond,6480,4,1203.3825378793742,2.943723332084739e-259,True
