asset,omega,alpha,beta,persistence,log_lik,se_omega_mle,se_alpha_mle,se_beta_mle,se_omega_robust,se_alpha_robust,se_beta_robust
stock,2.4632104884753014e-06,0.12048203087768465,0.8612230459749587,0.9817050768526433,20907.886484586237,2.9693721663037e-07,0.008648540639383492,0.0091381580668348,4.795257860219471e-07,0.011911277872599267,0.012541609999852267
cbond,1.0327624023207403e-07,0.22816741224083736,0.7718166295717571,0.9999840418125945,32391.614724822743,1.0854413321197997e-08,0.012344303812759805,0.01094381330814386,4.268459232287583e-08,0.04518768362810085,0.038188558033803624
