asset,omega,alpha,beta,persistence,log_lik,se_omega_mle,se_alpha_mle,se_beta_mle,se_omega_robust,se_alpha_robust,se_beta_robust
stock,2.4589660784674606e-06,0.12042865055423632,0.8613292187174907,0.981757869271727,20907.886603592233,2.3872905324293543e-05,0.6962176084286108,0.7352313721749301,3.854617364525305e-05,0.9591615582600608,1.0089960923881154
cbond,1.0325105315451935e-07,0.2281676730777139,0.7718320995634139,0.9999997726411278,32391.62299874769,8.738470572121684e-07,0.9940469881051455,0.8811629927357462,3.4360555444764053e-06,3.639017858853013,3.0747830264075975
