asset,omega,alpha,beta,persistence,nu,log_lik,se_omega,se_alpha,se_beta,se_nu,inv_nu,se_inv_nu,delta_t,delta_p,delta_reject,aic,bic
stock,1.5084099171845339e-06,0.11917263111694679,0.8756594272537817,0.9948320583707284,6.527115949312574,21046.62234457618,2.875674531984021e-07,0.009927226356170356,0.009469371992020813,0.5230416134823991,0.15320702248369258,0.01227703764710114,12.479152291258789,0.0,True,-42085.24468915236,-42058.136317620934
cbond,7.005014687410192e-08,0.2013823799520209,0.7986176100479728,0.9999999899999937,4.586343327155989,32937.671325690906,6.882240194847908e-09,5.649159599278236e-13,5.649159704169481e-13,0.21451716710381316,0.2180386265631152,0.010198326892053643,21.37984287726716,0.0,True,-65867.34265138181,-65840.2342798504
