asset,omega,alpha,beta,persistence,nu,log_lik,se_omega,se_alpha,se_beta,se_nu,inv_nu,se_inv_nu,delta_t,delta_p,delta_reject,aic,bic
stock,1.508410721733367e-06,0.11917265460531096,0.8756594148669696,0.9948320694722805,6.527110510574894,21046.622344576397,2.808578704560029e-07,0.009811440059823328,0.009460039149888057,0.5160377280620783,0.15320715014398034,0.012112659890632345,12.648514160169498,0.0,True,-42085.244689152794,-42058.13631762137
cbond,7.005030468157522e-08,0.20138261891348236,0.7986173810860149,0.9999999999994973,4.586343440582346,32937.67132801152,1.0551676880666056e-08,0.014281503647279046,0.014281503647262488,0.21461083072278167,0.21803862117073075,0.01020277923477071,21.370512499933632,0.0,True,-65867.34265602304,-65840.23428449163
