asset,dist,dgt_chi2,dgt_df,dgt_p,dgt_reject,lb_moment,lb_q,lb_p,lb_reject
stock,studentt,165.87045033929675,39.0,1.3907767097077493e-17,True,,,,
stock,studentt,,,,,1.0,25.595756639105602,0.004323649212998142,True
stock,studentt,,,,,2.0,41.106283046841504,1.0805600493638303e-05,True
stock,studentt,,,,,3.0,29.48226015377692,0.001040549689070059,True
stock,studentt,,,,,4.0,36.62654876400328,6.565846613734136e-05,True
cbond,studentt,92.43429981492906,39.0,3.139642672083459e-06,True,,,,
cbond,studentt,,,,,1.0,98.08818329066341,1.314283731734304e-16,True
cbond,studentt,,,,,2.0,26.76258470294129,0.002839233102950847,True
cbond,studentt,,,,,3.0,93.97089764651395,8.706991809808041e-16,True
cbond,studentt,,,,,4.0,31.423288393568228,0.0004993370026211672,True
