asset,omega,alpha,beta,persistence,nu,lambda,log_lik,se_omega,se_alpha,se_beta,se_nu,se_lambda,wald_stat,wald_p,wald_reject,aic,bic
stock,1.5029507980161295e-06,0.11933120916187734,0.8758479225648024,0.9951791317266797,6.418745902255387,-0.004240450138508065,21047.182897086874,2.8860738106671657e-07,0.009981240723070219,0.009477344537260459,0.5180970792081436,0.00400465570501063,155.3527100403563,1.8432644211500268e-34,True,-42084.36579417375,-42050.48032975947
cbond,7.044137995606995e-08,0.2017025342246685,0.7982974337645874,0.999999967989256,4.538728572322331,-0.010094463966959531,32940.986024236074,1.0604366689852183e-08,0.012631369570334448,0.012637688435409793,0.09958741842850856,0.003909937660007893,2077.3932032250946,0.0,True,-65871.97204847215,-65838.08658405786
