asset,sample_mean,implied_mean,sample_var,implied_var,sample_skew,sample_kurt,implied_kurt,nu,lambda
stock,-0.0018801730276726374,0.0,0.9954417028117388,1.0,-0.6057789256919763,1.9842019597046576,2.4806243576083093,6.418745902255387,-0.004240450138508065
cbond,0.004947401442844794,0.0,1.0840738634821625,1.0,-1.9180802020855319,28.689712081917662,11.137333915918784,4.538728572322331,-0.010094463966959531
