asset,omega,alpha,beta,persistence,nu,lambda,log_lik,se_omega,se_alpha,se_beta,se_nu,se_lambda,wald_stat,wald_p,wald_reject,aic,bic
stock,1.5028410263822996e-06,0.11933259383767127,0.8758491749499311,0.9951817687876023,6.418636579713057,-0.004240609423641365,21047.182896936472,2.864211935347427e-07,0.00994263274351279,0.009473917193694142,0.5163231089557865,0.0040043385758674445,156.41341039210582,1.0845747403070306e-34,True,-42084.365793872945,-42050.48032945867
cbond,7.044154132155551e-08,0.2017015811692213,0.7982975433877201,0.9999991245569414,4.53874257411675,-0.010094564593686592,32940.985817801746,1.0620202762017298e-08,0.0143127265141064,0.014312773988784564,0.20959770317493465,0.003918684107121226,469.63263995066654,1.0484988872270721e-102,True,-65871.97163560349,-65838.0861711892
