asset,sample_mean,implied_mean,sample_var,implied_var,sample_skew,sample_kurt,implied_kurt,nu,lambda
stock,-0.0018801725153887597,0.0,0.9954415956988248,1.0,-0.6057788697628538,1.984201568197296,2.4806253842582278,6.4187449012153674,-0.004240468021206942
cbond,0.004947399056475128,0.0,1.0840739465613332,1.0,-1.9180808283165482,28.68972576354917,11.137342878254913,4.538728138801822,-0.01009454253620238
