asset,model,omega,alpha,beta,persistence,nu,lambda,log_lik,aic,bic
stock,Normal,2.4632104884753014e-06,0.12048203087768465,0.8612230459749587,0.9817050768526433,,,20907.886484586237,,
stock,Student-t,1.5084099171845339e-06,0.11917263111694679,0.8756594272537817,0.9948320583707284,6.527115949312574,,21046.62234457618,-42085.24468915236,-42058.136317620934
stock,Skew-t,1.5029507980161295e-06,0.11933120916187734,0.8758479225648024,0.9951791317266797,6.418745902255387,-0.004240450138508065,21047.182897086874,-42084.36579417375,-42050.48032975947
cbond,Normal,1.0327624023207403e-07,0.22816741224083736,0.7718166295717571,0.9999840418125945,,,32391.614724822743,,
cbond,Student-t,7.005014687410192e-08,0.2013823799520209,0.7986176100479728,0.9999999899999937,4.586343327155989,,32937.671325690906,-65867.34265138181,-65840.2342798504
cbond,Skew-t,7.044137995606995e-08,0.2017025342246685,0.7982974337645874,0.999999967989256,4.538728572322331,-0.010094463966959531,32940.986024236074,-65871.97204847215,-65838.08658405786
