asset,model,omega,alpha,beta,persistence,nu,lambda,log_lik,aic,bic
stock,Normal,2.4589660784674606e-06,0.12042865055423632,0.8613292187174907,0.981757869271727,,,20907.886603592233,,
stock,Student-t,1.508410721733367e-06,0.11917265460531096,0.8756594148669696,0.9948320694722805,6.527110510574894,,21046.622344576397,-42085.244689152794,-42058.13631762137
stock,Skew-t,1.5028410263822996e-06,0.11933259383767127,0.8758491749499311,0.9951817687876023,6.418636579713057,-0.004240609423641365,21047.182896936472,-42084.365793872945,-42050.48032945867
cbond,Normal,1.0325105315451935e-07,0.2281676730777139,0.7718320995634139,0.9999997726411278,,,32391.62299874769,,
cbond,Student-t,7.005030468157522e-08,0.20138261891348236,0.7986173810860149,0.9999999999994973,4.586343440582346,,32937.67132801152,-65867.34265602304,-65840.23428449163
cbond,Skew-t,7.044154132155551e-08,0.2017015811692213,0.7982975433877201,0.9999991245569414,4.53874257411675,-0.010094564593686592,32940.985817801746,-65871.97163560349,-65838.0861711892
