asset,model,ref_ll,volkit_ll,ll_diff,ref_omega,volkit_omega,ref_alpha,volkit_alpha,ref_beta,volkit_beta,ref_time,volkit_time,ref_nu,volkit_nu,ref_lam,volkit_lam
stock,Normal,20907.88660359223,20907.886603592236,7.275957614183426e-12,2.4589659904415407e-06,2.4589660794162997e-06,0.1204286501836533,0.12042865067490303,0.8613292202836244,0.8613292191903726,0.8226336250081658,0.005832791008288041,,,,
cbond,Normal,32391.623105178154,32398.31390479431,6.690799616157165,1.0325095156339184e-07,8.70258981356655e-08,0.2281679173017317,0.25913332191509925,0.771832057781385,0.7679108427787295,2.3279840420000255,0.004202624986646697,,,,
stock,StudentT,21046.62234457618,21046.622344576346,1.673470251262188e-10,1.5084099171845339e-06,1.5084102226432786e-06,0.11917263111694679,0.1191726535347479,0.8756594272537817,0.8756593876037393,0.19828762498218566,0.06962429199484177,6.527115949312574,6.527120552797383,,
cbond,StudentT,32937.671325690906,32913.21484442107,24.45648126983724,7.005014687410192e-08,1.0000000000001033e-08,0.2013823799520209,0.19530857770656665,0.7986176100479728,0.8443958688356265,0.26697904101456515,0.05021466701873578,4.586343327155989,4.320748435269301,,
stock,SkewT,21047.182897086874,21047.182897086874,0.0,1.5029507980161295e-06,1.5029508059607992e-06,0.11933120916187734,0.11933121011413735,0.8758479225648024,0.8758479228952266,0.1375257089966908,0.12894233397673815,6.418745902255387,6.41874520277544,-0.004240450138508065,-0.004240459336360656
cbond,SkewT,32940.986024236074,32943.326198388284,2.3401741522102384,7.044137995606995e-08,6.484676801141004e-08,0.2017025342246685,0.22501686422055966,0.7982974337645874,0.7958107902447817,0.20043795800302178,0.1314569580135867,4.538728572322331,4.249629658317636,-0.010094463966959531,-0.01049221402174724
stock,QMLE,20907.886484586237,20907.886603592236,0.00011900599929504097,2.4632104884753014e-06,2.4589660794162997e-06,0.12048203087768465,0.12042865067490303,0.8612230459749587,0.8613292191903726,1.399247083987575,0.005530791007913649,,,,
cbond,QMLE,32391.614724822743,32398.31390479431,6.69917997156881,1.0327624023207403e-07,8.70258981356655e-08,0.22816741224083736,0.25913332191509925,0.7718166295717571,0.7679108427787295,1.4536544580187183,0.003979540982982144,,,,
